component_id,grant_id,lab_name,rnsr_id,evidence_grade,review_status
639300:0,639300,,,unresolved,manual_review
647133:0,647133,,,unresolved,manual_review
647455:0,647455,,,unresolved,manual_review
647696:0,647696,,,unresolved,manual_review
647916:0,647916,,,unresolved,manual_review
669288:0,669288,,,unresolved,manual_review
669690:0,669690,,,unresolved,manual_review
670747:0,670747,,,unresolved,manual_review
670787:0,670787,,,unresolved,manual_review
671231:0,671231,,,unresolved,manual_review
680465:0,680465,,,unresolved,manual_review
648480:0,648480,,,unresolved,manual_review
670628:0,670628,,,unresolved,manual_review
679243:0,679243,,,unresolved,manual_review
648161:0,648161,,,unresolved,manual_review
677823:0,677823,,,unresolved,manual_review
678140:0,678140,,,unresolved,manual_review
679116:0,679116,,,unresolved,manual_review
679254:0,679254,,,unresolved,manual_review
681484:0,681484,,,unresolved,manual_review
669217:0,669217,,,unresolved,manual_review
678157:0,678157,,,unresolved,manual_review
679980:0,679980,,,unresolved,manual_review
683032:0,683032,,,unresolved,manual_review
692765:0,692765,,,unresolved,manual_review
692924:0,692924,,,unresolved,manual_review
713619:0,713619,,,unresolved,manual_review
678177:0,678177,,,unresolved,manual_review
679408:0,679408,,,unresolved,manual_review
679531:0,679531,,,unresolved,manual_review
677532:0,677532,,,unresolved,manual_review
678624:0,678624,,,unresolved,manual_review
679734:0,679734,,,unresolved,manual_review
681393:0,681393,,,unresolved,manual_review
682819:0,682819,,,unresolved,manual_review
694159:0,694159,,,unresolved,manual_review
713709:0,713709,,,unresolved,manual_review
677470:0,677470,,,unresolved,manual_review
677878:0,677878,,,unresolved,manual_review
679937:0,679937,,,unresolved,manual_review
681835:0,681835,,,unresolved,manual_review
682032:0,682032,,,unresolved,manual_review
682895:0,682895,,,unresolved,manual_review
694694:0,694694,,,unresolved,manual_review
677251:0,677251,,,unresolved,manual_review
678302:0,678302,,,unresolved,manual_review
678777:0,678777,,,unresolved,manual_review
694651:0,694651,,,unresolved,manual_review
694768:0,694768,,,unresolved,manual_review
695467:0,695467,,,unresolved,manual_review
676943:0,676943,,,unresolved,manual_review
676999:0,676999,,,unresolved,manual_review
677147:0,677147,,,unresolved,manual_review
677368:0,677368,,,unresolved,manual_review
678282:0,678282,,,unresolved,manual_review
678304:0,678304,,,unresolved,manual_review
678610:0,678610,,,unresolved,manual_review
678905:0,678905,,,unresolved,manual_review
679030:0,679030,,,unresolved,manual_review
679278:0,679278,,,unresolved,manual_review
680275:0,680275,,,unresolved,manual_review
680890:0,680890,,,unresolved,manual_review
681415:0,681415,,,unresolved,manual_review
681818:0,681818,,,unresolved,manual_review
681839:0,681839,,,unresolved,manual_review
682367:0,682367,,,unresolved,manual_review
682387:0,682387,,,unresolved,manual_review
682778:0,682778,,,unresolved,manual_review
682955:0,682955,,,unresolved,manual_review
682978:0,682978,,,unresolved,manual_review
683257:0,683257,,,unresolved,manual_review
692925:0,692925,,,unresolved,manual_review
693267:0,693267,,,unresolved,manual_review
694122:0,694122,,,unresolved,manual_review
694209:0,694209,,,unresolved,manual_review
694665:0,694665,,,unresolved,manual_review
694717:0,694717,,,unresolved,manual_review
694817:0,694817,,,unresolved,manual_review
695351:0,695351,,,unresolved,manual_review
695710:0,695710,,,unresolved,manual_review
695724:0,695724,,,unresolved,manual_review
700812:0,700812,,,unresolved,manual_review
712718:0,712718,,,unresolved,manual_review
713613:0,713613,,,unresolved,manual_review
727758:0,727758,,,unresolved,manual_review
677952:0,677952,,,unresolved,manual_review
678790:0,678790,,,unresolved,manual_review
679836:0,679836,,,unresolved,manual_review
681346:0,681346,,,unresolved,manual_review
681514:0,681514,,,unresolved,manual_review
681679:0,681679,,,unresolved,manual_review
681814:0,681814,,,unresolved,manual_review
681978:0,681978,,,unresolved,manual_review
682001:0,682001,,,unresolved,manual_review
682286:0,682286,,,unresolved,manual_review
682345:0,682345,,,unresolved,manual_review
682903:0,682903,,,unresolved,manual_review
683029:0,683029,,,unresolved,manual_review
683154:0,683154,,,unresolved,manual_review
693762:0,693762,,,unresolved,manual_review
694596:0,694596,,,unresolved,manual_review
694819:0,694819,,,unresolved,manual_review
695295:0,695295,,,unresolved,manual_review
695403:0,695403,,,unresolved,manual_review
695464:0,695464,,,unresolved,manual_review
695621:0,695621,,,unresolved,manual_review
713626:0,713626,,,unresolved,manual_review
680313:0,680313,,,unresolved,manual_review
681829:0,681829,,,unresolved,manual_review
693021:0,693021,,,unresolved,manual_review
714291:0,714291,,,unresolved,manual_review
678250:0,678250,,,unresolved,manual_review
681605:0,681605,,,unresolved,manual_review
714693:0,714693,,,unresolved,manual_review
715230:0,715230,,,unresolved,manual_review
715747:0,715747,,,unresolved,manual_review
717034:0,717034,,,unresolved,manual_review
727480:0,727480,,,unresolved,manual_review
679792:0,679792,,,unresolved,manual_review
682809:0,682809,,,unresolved,manual_review
694502:0,694502,,,unresolved,manual_review
694677:0,694677,,,unresolved,manual_review
694918:0,694918,,,unresolved,manual_review
695561:0,695561,,,unresolved,manual_review
695618:0,695618,,,unresolved,manual_review
695674:0,695674,,,unresolved,manual_review
714519:0,714519,,,unresolved,manual_review
714934:0,714934,,,unresolved,manual_review
715579:0,715579,,,unresolved,manual_review
715787:0,715787,,,unresolved,manual_review
715807:0,715807,,,unresolved,manual_review
725967:0,725967,,,unresolved,manual_review
727334:0,727334,,,unresolved,manual_review
714221:0,714221,,,unresolved,manual_review
714408:0,714408,,,unresolved,manual_review
714955:0,714955,,,unresolved,manual_review
715028:0,715028,,,unresolved,manual_review
715093:0,715093,,,unresolved,manual_review
715939:0,715939,,,unresolved,manual_review
716515:0,716515,,,unresolved,manual_review
716862:0,716862,,,unresolved,manual_review
727408:0,727408,,,unresolved,manual_review
737546:0,737546,,,unresolved,manual_review
714381:0,714381,,,unresolved,manual_review
715062:0,715062,,,unresolved,manual_review
715757:0,715757,,,unresolved,manual_review
715776:0,715776,,,unresolved,manual_review
715872:0,715872,,,unresolved,manual_review
715980:0,715980,,,unresolved,manual_review
716083:0,716083,,,unresolved,manual_review
716375:0,716375,,,unresolved,manual_review
716628:0,716628,,,unresolved,manual_review
716867:0,716867,,,unresolved,manual_review
724881:0,724881,,,unresolved,manual_review
737560:0,737560,,,unresolved,manual_review
682622:0,682622,,,unresolved,manual_review
714472:0,714472,,,unresolved,manual_review
714597:0,714597,,,unresolved,manual_review
715300:0,715300,,,unresolved,manual_review
716314:0,716314,,,unresolved,manual_review
716429:0,716429,,,unresolved,manual_review
716542:0,716542,,,unresolved,manual_review
716651:0,716651,,,unresolved,manual_review
724177:0,724177,,,unresolved,manual_review
724473:0,724473,,,unresolved,manual_review
724813:0,724813,,,unresolved,manual_review
724838:0,724838,,,unresolved,manual_review
725929:0,725929,,,unresolved,manual_review
726420:0,726420,,,unresolved,manual_review
727283:0,727283,,,unresolved,manual_review
715111:0,715111,,,unresolved,manual_review
715368:0,715368,,,unresolved,manual_review
715491:0,715491,,,unresolved,manual_review
715575:0,715575,,,unresolved,manual_review
724480:0,724480,,,unresolved,manual_review
724705:0,724705,,,unresolved,manual_review
725149:0,725149,,,unresolved,manual_review
725589:0,725589,,,unresolved,manual_review
726280:0,726280,,,unresolved,manual_review
727427:0,727427,,,unresolved,manual_review
740943:0,740943,,,unresolved,manual_review
743159:0,743159,,,unresolved,manual_review
755235:0,755235,,,unresolved,manual_review
724040:0,724040,,,unresolved,manual_review
724777:0,724777,,,unresolved,manual_review
724835:0,724835,,,unresolved,manual_review
725790:0,725790,,,unresolved,manual_review
726176:0,726176,,,unresolved,manual_review
727682:0,727682,,,unresolved,manual_review
755347:0,755347,,,unresolved,manual_review
755460:0,755460,,,unresolved,manual_review
714162:0,714162,,,unresolved,manual_review
714567:0,714567,,,unresolved,manual_review
714581:0,714581,,,unresolved,manual_review
716641:0,716641,,,unresolved,manual_review
725142:0,725142,,,unresolved,manual_review
725907:0,725907,,,unresolved,manual_review
755456:0,755456,,,unresolved,manual_review
768527:0,768527,,,unresolved,manual_review
768722:0,768722,,,unresolved,manual_review
768790:0,768790,,,unresolved,manual_review
725184:0,725184,,,unresolved,manual_review
714027:0,714027,,,unresolved,manual_review
714294:0,714294,,,unresolved,manual_review
714692:0,714692,,,unresolved,manual_review
715982:0,715982,,,unresolved,manual_review
716931:0,716931,,,unresolved,manual_review
723085:0,723085,,,unresolved,manual_review
723955:0,723955,,,unresolved,manual_review
724063:0,724063,,,unresolved,manual_review
724429:0,724429,,,unresolved,manual_review
725094:0,725094,,,unresolved,manual_review
725144:0,725144,,,unresolved,manual_review
725528:0,725528,,,unresolved,manual_review
725554:0,725554,,,unresolved,manual_review
725561:0,725561,,,unresolved,manual_review
725773:0,725773,,,unresolved,manual_review
740021:0,740021,,,unresolved,manual_review
740623:0,740623,,,unresolved,manual_review
741123:0,741123,,,unresolved,manual_review
741251:0,741251,,,unresolved,manual_review
741467:0,741467,,,unresolved,manual_review
741501:0,741501,,,unresolved,manual_review
741773:0,741773,,,unresolved,manual_review
754761:0,754761,,,unresolved,manual_review
766820:0,766820,,,unresolved,manual_review
723241:0,723241,,,unresolved,manual_review
724175:0,724175,,,unresolved,manual_review
724601:0,724601,,,unresolved,manual_review
724690:0,724690,,,unresolved,manual_review
726169:0,726169,,,unresolved,manual_review
740651:0,740651,,,unresolved,manual_review
741002:0,741002,,,unresolved,manual_review
741182:0,741182,,,unresolved,manual_review
741454:0,741454,,,unresolved,manual_review
741550:0,741550,,,unresolved,manual_review
742141:0,742141,,,unresolved,manual_review
742335:0,742335,,,unresolved,manual_review
742608:0,742608,,,unresolved,manual_review
742719:0,742719,,,unresolved,manual_review
742909:0,742909,,,unresolved,manual_review
766936:0,766936,,,unresolved,manual_review
714653:0,714653,,,unresolved,manual_review
724208:0,724208,,,unresolved,manual_review
725100:0,725100,,,unresolved,manual_review
726206:0,726206,,,unresolved,manual_review
737604:0,737604,,,unresolved,manual_review
759078:0,759078,,,unresolved,manual_review
767579:0,767579,,,unresolved,manual_review
780383:0,780383,,,unresolved,manual_review
757561:0,757561,,,unresolved,manual_review
759226:0,759226,,,unresolved,manual_review
780519:0,780519,,,unresolved,manual_review
741167:0,741167,,,unresolved,manual_review
742095:0,742095,,,unresolved,manual_review
742345:0,742345,,,unresolved,manual_review
742816:0,742816,,,unresolved,manual_review
756722:0,756722,,,unresolved,manual_review
757910:0,757910,,,unresolved,manual_review
758210:0,758210,,,unresolved,manual_review
758457:0,758457,,,unresolved,manual_review
758480:0,758480,,,unresolved,manual_review
758498:0,758498,,,unresolved,manual_review
758620:0,758620,,,unresolved,manual_review
758710:0,758710,,,unresolved,manual_review
758800:0,758800,,,unresolved,manual_review
758911:0,758911,,,unresolved,manual_review
759120:0,759120,,,unresolved,manual_review
759817:0,759817,,,unresolved,manual_review
780058:0,780058,,,unresolved,manual_review
756225:0,756225,,,unresolved,manual_review
756785:0,756785,,,unresolved,manual_review
757111:0,757111,,,unresolved,manual_review
757557:0,757557,,,unresolved,manual_review
757858:0,757858,,,unresolved,manual_review
757996:0,757996,,,unresolved,manual_review
758232:0,758232,,,unresolved,manual_review
758792:0,758792,,,unresolved,manual_review
758907:0,758907,,,unresolved,manual_review
759702:0,759702,,,unresolved,manual_review
767064:0,767064,,,unresolved,manual_review
757239:0,757239,,,unresolved,manual_review
757501:0,757501,,,unresolved,manual_review
757672:0,757672,,,unresolved,manual_review
758473:0,758473,,,unresolved,manual_review
758848:0,758848,,,unresolved,manual_review
759089:0,759089,,,unresolved,manual_review
759194:0,759194,,,unresolved,manual_review
759388:0,759388,,,unresolved,manual_review
759390:0,759390,,,unresolved,manual_review
772725:0,772725,,,unresolved,manual_review
757589:0,757589,,,unresolved,manual_review
757956:0,757956,,,unresolved,manual_review
758757:0,758757,,,unresolved,manual_review
758817:0,758817,,,unresolved,manual_review
770933:0,770933,,,unresolved,manual_review
771294:0,771294,,,unresolved,manual_review
771691:0,771691,,,unresolved,manual_review
771793:0,771793,,,unresolved,manual_review
771813:0,771813,,,unresolved,manual_review
771844:0,771844,,,unresolved,manual_review
771965:0,771965,,,unresolved,manual_review
772873:0,772873,,,unresolved,manual_review
789463:0,789463,,,unresolved,manual_review
790093:0,790093,,,unresolved,manual_review
790435:0,790435,,,unresolved,manual_review
758700:0,758700,,,unresolved,manual_review
759341:0,759341,,,unresolved,manual_review
759708:0,759708,,,unresolved,manual_review
759733:0,759733,,,unresolved,manual_review
787462:0,787462,,,unresolved,manual_review
757848:0,757848,,,unresolved,manual_review
757912:0,757912,,,unresolved,manual_review
759880:0,759880,,,unresolved,manual_review
770940:0,770940,,,unresolved,manual_review
771850:0,771850,,,unresolved,manual_review
772103:0,772103,,,unresolved,manual_review
772191:0,772191,,,unresolved,manual_review
772743:0,772743,,,unresolved,manual_review
780458:0,780458,,,unresolved,manual_review
771369:0,771369,,,unresolved,manual_review
785911:0,785911,,,unresolved,manual_review
757507:0,757507,,,unresolved,manual_review
758170:0,758170,,,unresolved,manual_review
771589:0,771589,,,unresolved,manual_review
787300:0,787300,,,unresolved,manual_review
757296:0,757296,,,unresolved,manual_review
758759:0,758759,,,unresolved,manual_review
758794:0,758794,,,unresolved,manual_review
759707:0,759707,,,unresolved,manual_review
768679:0,768679,,,unresolved,manual_review
770841:0,770841,,,unresolved,manual_review
771453:0,771453,,,unresolved,manual_review
771829:0,771829,,,unresolved,manual_review
772257:0,772257,,,unresolved,manual_review
772408:0,772408,,,unresolved,manual_review
772505:0,772505,,,unresolved,manual_review
772539:0,772539,,,unresolved,manual_review
772568:0,772568,,,unresolved,manual_review
772786:0,772786,,,unresolved,manual_review
773083:0,773083,,,unresolved,manual_review
786587:0,786587,,,unresolved,manual_review
786854:0,786854,,,unresolved,manual_review
787304:0,787304,,,unresolved,manual_review
788137:0,788137,,,unresolved,manual_review
788476:0,788476,,,unresolved,manual_review
790552:0,790552,,,unresolved,manual_review
758385:0,758385,,,unresolved,manual_review
770826:0,770826,,,unresolved,manual_review
771599:0,771599,,,unresolved,manual_review
772204:0,772204,,,unresolved,manual_review
772487:0,772487,,,unresolved,manual_review
786304:0,786304,,,unresolved,manual_review
787836:0,787836,,,unresolved,manual_review
787904:0,787904,,,unresolved,manual_review
788065:0,788065,,,unresolved,manual_review
788205:0,788205,,,unresolved,manual_review
788482:0,788482,,,unresolved,manual_review
788553:0,788553,,,unresolved,manual_review
803220:0,803220,,,unresolved,manual_review
804480:0,804480,,,unresolved,manual_review
771688:0,771688,,,unresolved,manual_review
773228:0,773228,,,unresolved,manual_review
785908:0,785908,,,unresolved,manual_review
786467:0,786467,,,unresolved,manual_review
786919:0,786919,,,unresolved,manual_review
788308:0,788308,,,unresolved,manual_review
788972:0,788972,,,unresolved,manual_review
804106:0,804106,,,unresolved,manual_review
825713:0,825713,,,unresolved,manual_review
825829:0,825829,,,unresolved,manual_review
804249:0,804249,,,unresolved,manual_review
825273:0,825273,,,unresolved,manual_review
772242:0,772242,,,unresolved,manual_review
787320:0,787320,,,unresolved,manual_review
787399:0,787399,,,unresolved,manual_review
787539:0,787539,,,unresolved,manual_review
788191:0,788191,,,unresolved,manual_review
788212:0,788212,,,unresolved,manual_review
788240:0,788240,,,unresolved,manual_review
788812:0,788812,,,unresolved,manual_review
788851:0,788851,,,unresolved,manual_review
788974:0,788974,,,unresolved,manual_review
789111:0,789111,,,unresolved,manual_review
802041:0,802041,,,unresolved,manual_review
803004:0,803004,,,unresolved,manual_review
803074:0,803074,,,unresolved,manual_review
803208:0,803208,,,unresolved,manual_review
804320:0,804320,,,unresolved,manual_review
805186:0,805186,,,unresolved,manual_review
805252:0,805252,,,unresolved,manual_review
805256:0,805256,,,unresolved,manual_review
805500:0,805500,,,unresolved,manual_review
825492:0,825492,,,unresolved,manual_review
772178:0,772178,,,unresolved,manual_review
787340:0,787340,,,unresolved,manual_review
801660:0,801660,,,unresolved,manual_review
801728:0,801728,,,unresolved,manual_review
801774:0,801774,,,unresolved,manual_review
802699:0,802699,,,unresolved,manual_review
803079:0,803079,,,unresolved,manual_review
805080:0,805080,,,unresolved,manual_review
810504:0,810504,,,unresolved,manual_review
810504:1,810504,,,unresolved,manual_review
810504:2,810504,,,unresolved,manual_review
818856:0,818856,,,unresolved,manual_review
825404:0,825404,,,unresolved,manual_review
841560:0,841560,,,unresolved,manual_review
787198:0,787198,,,unresolved,manual_review
803122:0,803122,,,unresolved,manual_review
803151:0,803151,,,unresolved,manual_review
803676:0,803676,,,unresolved,manual_review
810331:0,810331,,,unresolved,manual_review
818625:0,818625,,,unresolved,manual_review
824735:0,824735,,,unresolved,manual_review
785917:0,785917,,,unresolved,manual_review
804144:0,804144,,,unresolved,manual_review
810141:0,810141,,,unresolved,manual_review
817779:0,817779,,,unresolved,manual_review
819189:0,819189,,,unresolved,manual_review
820048:0,820048,,,unresolved,manual_review
788077:0,788077,,,unresolved,manual_review
805195:0,805195,,,unresolved,manual_review
809994:0,809994,,,unresolved,manual_review
809994:1,809994,,,unresolved,manual_review
810218:0,810218,,,unresolved,manual_review
818266:0,818266,,,unresolved,manual_review
819511:0,819511,,,unresolved,manual_review
836429:0,836429,,,unresolved,manual_review
839271:0,839271,,,unresolved,manual_review
803704:0,803704,,,unresolved,manual_review
803721:0,803721,,,unresolved,manual_review
817803:0,817803,,,unresolved,manual_review
819261:0,819261,,,unresolved,manual_review
820079:0,820079,,,unresolved,manual_review
804023:0,804023,,,unresolved,manual_review
811363:0,811363,,,unresolved,manual_review
834161:0,834161,,,unresolved,manual_review
805225:0,805225,,,unresolved,manual_review
862471:0,862471,,,unresolved,manual_review
810367:0,810367,,,unresolved,manual_review
810367:1,810367,,,unresolved,manual_review
810367:2,810367,,,unresolved,manual_review
810573:0,810573,,,unresolved,manual_review
810573:1,810573,,,unresolved,manual_review
815559:0,815559,,,unresolved,manual_review
817934:0,817934,,,unresolved,manual_review
818066:0,818066,,,unresolved,manual_review
818521:0,818521,,,unresolved,manual_review
818737:0,818737,,,unresolved,manual_review
818750:0,818750,,,unresolved,manual_review
818843:0,818843,,,unresolved,manual_review
819587:0,819587,,,unresolved,manual_review
820033:0,820033,,,unresolved,manual_review
820133:0,820133,,,unresolved,manual_review
832237:0,832237,,,unresolved,manual_review
832606:0,832606,,,unresolved,manual_review
833125:0,833125,,,unresolved,manual_review
833707:0,833707,,,unresolved,manual_review
834238:0,834238,,,unresolved,manual_review
835184:0,835184,,,unresolved,manual_review
840415:0,840415,,,unresolved,manual_review
862151:0,862151,,,unresolved,manual_review
804135:0,804135,,,unresolved,manual_review
814747:0,814747,,,unresolved,manual_review
817908:0,817908,,,unresolved,manual_review
818260:0,818260,,,unresolved,manual_review
818563:0,818563,,,unresolved,manual_review
819127:0,819127,,,unresolved,manual_review
819353:0,819353,,,unresolved,manual_review
832219:0,832219,,,unresolved,manual_review
832248:0,832248,,,unresolved,manual_review
832352:0,832352,,,unresolved,manual_review
832601:0,832601,,,unresolved,manual_review
832889:0,832889,,,unresolved,manual_review
834148:0,834148,,,unresolved,manual_review
834175:0,834175,,,unresolved,manual_review
834177:0,834177,,,unresolved,manual_review
835193:0,835193,,,unresolved,manual_review
835275:0,835275,,,unresolved,manual_review
835294:0,835294,,,unresolved,manual_review
851146:0,851146,,,unresolved,manual_review
862551:0,862551,,,unresolved,manual_review
818823:0,818823,,,unresolved,manual_review
819543:0,819543,,,unresolved,manual_review
833933:0,833933,,,unresolved,manual_review
834195:0,834195,,,unresolved,manual_review
835067:0,835067,,,unresolved,manual_review
835161:0,835161,,,unresolved,manual_review
817493:0,817493,,,unresolved,manual_review
874986:0,874986,,,unresolved,manual_review
875573:0,875573,,,unresolved,manual_review
819169:0,819169,,,unresolved,manual_review
819179:0,819179,,,unresolved,manual_review
832294:0,832294,,,unresolved,manual_review
833184:0,833184,,,unresolved,manual_review
833632:0,833632,,,unresolved,manual_review
834317:0,834317,,,unresolved,manual_review
834759:0,834759,,,unresolved,manual_review
835087:0,835087,,,unresolved,manual_review
850925:0,850925,,,unresolved,manual_review
851006:0,851006,,,unresolved,manual_review
851054:0,851054,,,unresolved,manual_review
851701:0,851701,,,unresolved,manual_review
852161:0,852161,,,unresolved,manual_review
852873:0,852873,,,unresolved,manual_review
853116:0,853116,,,unresolved,manual_review
853282:0,853282,,,unresolved,manual_review
875102:0,875102,,,unresolved,manual_review
875555:0,875555,,,unresolved,manual_review
805098:0,805098,,,unresolved,manual_review
833973:0,833973,,,unresolved,manual_review
848645:0,848645,,,unresolved,manual_review
850539:0,850539,,,unresolved,manual_review
850853:0,850853,,,unresolved,manual_review
850996:0,850996,,,unresolved,manual_review
851866:0,851866,,,unresolved,manual_review
852136:0,852136,,,unresolved,manual_review
852373:0,852373,,,unresolved,manual_review
853049:0,853049,,,unresolved,manual_review
856118:0,856118,,,unresolved,manual_review
864965:0,864965,,,unresolved,manual_review
875532:0,875532,,,unresolved,manual_review
850820:0,850820,,,unresolved,manual_review
851188:0,851188,,,unresolved,manual_review
851231:0,851231,,,unresolved,manual_review
851740:0,851740,,,unresolved,manual_review
852239:0,852239,,,unresolved,manual_review
852455:0,852455,,,unresolved,manual_review
852573:0,852573,,,unresolved,manual_review
856408:0,856408,,,unresolved,manual_review
856408:1,856408,,,unresolved,manual_review
856455:0,856455,,,unresolved,manual_review
899555:0,899555,,,unresolved,manual_review
899835:0,899835,,,unresolved,manual_review
833350:0,833350,,,unresolved,manual_review
850934:0,850934,,,unresolved,manual_review
850941:0,850941,,,unresolved,manual_review
851560:0,851560,,,unresolved,manual_review
864219:0,864219,,,unresolved,manual_review
852482:0,852482,,,unresolved,manual_review
855109:0,855109,,,unresolved,manual_review
855109:1,855109,,,unresolved,manual_review
863481:0,863481,,,unresolved,manual_review
865151:0,865151,,,unresolved,manual_review
865592:0,865592,,,unresolved,manual_review
865797:0,865797,,,unresolved,manual_review
865995:0,865995,,,unresolved,manual_review
866274:0,866274,,,unresolved,manual_review
882375:0,882375,,,unresolved,manual_review
883849:0,883849,,,unresolved,manual_review
884847:0,884847,,,unresolved,manual_review
893772:0,893772,,,unresolved,manual_review
899596:0,899596,,,unresolved,manual_review
899928:0,899928,,,unresolved,manual_review
802658:0,802658,,,unresolved,manual_review
835032:0,835032,,,unresolved,manual_review
851360:0,851360,,,unresolved,manual_review
852640:0,852640,,,unresolved,manual_review
856478:0,856478,,,unresolved,manual_review
856478:1,856478,,,unresolved,manual_review
856478:2,856478,,,unresolved,manual_review
856478:3,856478,,,unresolved,manual_review
864550:0,864550,,,unresolved,manual_review
885394:0,885394,,,unresolved,manual_review
957546:0,957546,,,unresolved,manual_review
847433:0,847433,,,unresolved,manual_review
852139:0,852139,,,unresolved,manual_review
852791:0,852791,,,unresolved,manual_review
852815:0,852815,,,unresolved,manual_review
854361:0,854361,,,unresolved,manual_review
854361:1,854361,,,unresolved,manual_review
854361:2,854361,,,unresolved,manual_review
855130:0,855130,,,unresolved,manual_review
855677:0,855677,,,unresolved,manual_review
855677:1,855677,,,unresolved,manual_review
856404:0,856404,,,unresolved,manual_review
856404:1,856404,,,unresolved,manual_review
863412:0,863412,,,unresolved,manual_review
863487:0,863487,,,unresolved,manual_review
863880:0,863880,,,unresolved,manual_review
864066:0,864066,,,unresolved,manual_review
864832:0,864832,,,unresolved,manual_review
864850:0,864850,,,unresolved,manual_review
864919:0,864919,,,unresolved,manual_review
865306:0,865306,,,unresolved,manual_review
865724:0,865724,,,unresolved,manual_review
865963:0,865963,,,unresolved,manual_review
866001:0,866001,,,unresolved,manual_review
866186:0,866186,,,unresolved,manual_review
866267:0,866267,,,unresolved,manual_review
875212:0,875212,,,unresolved,manual_review
884584:0,884584,,,unresolved,manual_review
885746:0,885746,,,unresolved,manual_review
899888:0,899888,,,unresolved,manual_review
957500:0,957500,,,unresolved,manual_review
833309:0,833309,,,unresolved,manual_review
852386:0,852386,,,unresolved,manual_review
852448:0,852448,,,unresolved,manual_review
856529:0,856529,,,unresolved,manual_review
856529:1,856529,,,unresolved,manual_review
863464:0,863464,,,unresolved,manual_review
863473:0,863473,,,unresolved,manual_review
864313:0,864313,,,unresolved,manual_review
864576:0,864576,,,unresolved,manual_review
864729:0,864729,,,unresolved,manual_review
865101:0,865101,,,unresolved,manual_review
865787:0,865787,,,unresolved,manual_review
865844:0,865844,,,unresolved,manual_review
866340:0,866340,,,unresolved,manual_review
866365:0,866365,,,unresolved,manual_review
866454:0,866454,,,unresolved,manual_review
885090:0,885090,,,unresolved,manual_review
885435:0,885435,,,unresolved,manual_review
885593:0,885593,,,unresolved,manual_review
963890:0,963890,,,unresolved,manual_review
856555:0,856555,,,unresolved,manual_review
882450:0,882450,,,unresolved,manual_review
885250:0,885250,,,unresolved,manual_review
899537:0,899537,,,unresolved,manual_review
948800:0,948800,,,unresolved,manual_review
853507:0,853507,,,unresolved,manual_review
865826:0,865826,,,unresolved,manual_review
866533:0,866533,,,unresolved,manual_review
883605:0,883605,,,unresolved,manual_review
884762:0,884762,,,unresolved,manual_review
899539:0,899539,,,unresolved,manual_review
963840:0,963840,,,unresolved,manual_review
851716:0,851716,,,unresolved,manual_review
851793:0,851793,,,unresolved,manual_review
864893:0,864893,,,unresolved,manual_review
865411:0,865411,,,unresolved,manual_review
865711:0,865711,,,unresolved,manual_review
865856:0,865856,,,unresolved,manual_review
883313:0,883313,,,unresolved,manual_review
884715:0,884715,,,unresolved,manual_review
884988:0,884988,,,unresolved,manual_review
885145:0,885145,,,unresolved,manual_review
885414:0,885414,,,unresolved,manual_review
899652:0,899652,,,unresolved,manual_review
948007:0,948007,,,unresolved,manual_review
948319:0,948319,,,unresolved,manual_review
948528:0,948528,,,unresolved,manual_review
948674:0,948674,,,unresolved,manual_review
949221:0,949221,,,unresolved,manual_review
949267:0,949267,,,unresolved,manual_review
949583:0,949583,,,unresolved,manual_review
949730:0,949730,,,unresolved,manual_review
949812:0,949812,,,unresolved,manual_review
951513:0,951513,,,unresolved,manual_review
951513:1,951513,,,unresolved,manual_review
963862:0,963862,,,unresolved,manual_review
963895:0,963895,,,unresolved,manual_review
963967:0,963967,,,unresolved,manual_review
101002355:0,101002355,,,unresolved,manual_review
865629:0,865629,,,unresolved,manual_review
948105:0,948105,,,unresolved,manual_review
948390:0,948390,,,unresolved,manual_review
948516:0,948516,,,unresolved,manual_review
949493:0,949493,,,unresolved,manual_review
949516:0,949516,,,unresolved,manual_review
949963:0,949963,,,unresolved,manual_review
950618:0,950618,,,unresolved,manual_review
963928:0,963928,,,unresolved,manual_review
101000948:0,101000948,,,unresolved,manual_review
882673:0,882673,,,unresolved,manual_review
946959:0,946959,,,unresolved,manual_review
948780:0,948780,,,unresolved,manual_review
950101:0,950101,,,unresolved,manual_review
951475:0,951475,,,unresolved,manual_review
963929:0,963929,,,unresolved,manual_review
963976:0,963976,,,unresolved,manual_review
101001841:0,101001841,,,unresolved,manual_review
101003012:0,101003012,,,unresolved,manual_review
101003431:0,101003431,,,unresolved,manual_review
947908:0,947908,,,unresolved,manual_review
949843:0,949843,,,unresolved,manual_review
966570:0,966570,,,unresolved,manual_review
966856:0,966856,,,unresolved,manual_review
101001675:0,101001675,,,unresolved,manual_review
101001694:0,101001694,,,unresolved,manual_review
948366:0,948366,,,unresolved,manual_review
949631:0,949631,,,unresolved,manual_review
951284:0,951284,,,unresolved,manual_review
951284:1,951284,,,unresolved,manual_review
951284:2,951284,,,unresolved,manual_review
951284:3,951284,,,unresolved,manual_review
951329:0,951329,,,unresolved,manual_review
951459:0,951459,,,unresolved,manual_review
101002075:0,101002075,,,unresolved,manual_review
101002721:0,101002721,,,unresolved,manual_review
101002857:0,101002857,,,unresolved,manual_review
866222:0,866222,,,unresolved,manual_review
947819:0,947819,,,unresolved,manual_review
949208:0,949208,,,unresolved,manual_review
949804:0,949804,,,unresolved,manual_review
951393:0,951393,,,unresolved,manual_review
951393:1,951393,,,unresolved,manual_review
951515:0,951515,,,unresolved,manual_review
101018214:0,101018214,,,unresolved,manual_review
951330:0,951330,,,unresolved,manual_review
951330:1,951330,,,unresolved,manual_review
951330:2,951330,,,unresolved,manual_review
951444:0,951444,,,unresolved,manual_review
951444:1,951444,,,unresolved,manual_review
951444:2,951444,,,unresolved,manual_review
951541:0,951541,,,unresolved,manual_review
951541:1,951541,,,unresolved,manual_review
951541:2,951541,,,unresolved,manual_review
101001275:0,101001275,,,unresolved,manual_review
101001310:0,101001310,,,unresolved,manual_review
101001420:0,101001420,,,unresolved,manual_review
101001474:0,101001474,,,unresolved,manual_review
101001897:0,101001897,,,unresolved,manual_review
101002592:0,101002592,,,unresolved,manual_review
101002846:0,101002846,,,unresolved,manual_review
101002955:0,101002955,,,unresolved,manual_review
101002999:0,101002999,,,unresolved,manual_review
101003318:0,101003318,,,unresolved,manual_review
101018130:0,101018130,,,unresolved,manual_review
101019653:0,101019653,,,unresolved,manual_review
101019965:0,101019965,,,unresolved,manual_review
101020459:0,101020459,,,unresolved,manual_review
101020985:0,101020985,,,unresolved,manual_review
947707:0,947707,,,unresolved,manual_review
948135:0,948135,,,unresolved,manual_review
948358:0,948358,,,unresolved,manual_review
948514:0,948514,,,unresolved,manual_review
948671:0,948671,,,unresolved,manual_review
948688:0,948688,,,unresolved,manual_review
949278:0,949278,,,unresolved,manual_review
949500:0,949500,,,unresolved,manual_review
951146:0,951146,,,unresolved,manual_review
951388:0,951388,,,unresolved,manual_review
951596:0,951596,,,unresolved,manual_review
951596:1,951596,,,unresolved,manual_review
951596:2,951596,,,unresolved,manual_review
101001097:0,101001097,,,unresolved,manual_review
101001282:0,101001282,,,unresolved,manual_review
101001689:0,101001689,,,unresolved,manual_review
101002644:0,101002644,,,unresolved,manual_review
101018181:0,101018181,,,unresolved,manual_review
101018777:0,101018777,,,unresolved,manual_review
101019141:0,101019141,,,unresolved,manual_review
101019515:0,101019515,,,unresolved,manual_review
101019522:0,101019522,,,unresolved,manual_review
101019907:0,101019907,,,unresolved,manual_review
101019963:0,101019963,,,unresolved,manual_review
966735:0,966735,,,unresolved,manual_review
101001095:0,101001095,,,unresolved,manual_review
101001995:0,101001995,,,unresolved,manual_review
101020598:0,101020598,,,unresolved,manual_review
101021538:0,101021538,,,unresolved,manual_review
852839:0,852839,,,unresolved,manual_review
951549:0,951549,,,unresolved,manual_review
101001752:0,101001752,,,unresolved,manual_review
101003329:0,101003329,,,unresolved,manual_review
101019835:0,101019835,,,unresolved,manual_review
101020423:0,101020423,,,unresolved,manual_review
101002188:0,101002188,,,unresolved,manual_review
101002870:0,101002870,,,unresolved,manual_review
101018511:0,101018511,,,unresolved,manual_review
101019234:0,101019234,,,unresolved,manual_review
101019380:0,101019380,,,unresolved,manual_review
101020243:0,101020243,,,unresolved,manual_review
966614:0,966614,,,unresolved,manual_review
101040822:0,101040822,,,unresolved,manual_review
101042293:0,101042293,,,unresolved,manual_review
101039541:0,101039541,,,unresolved,manual_review
101039998:0,101039998,,,unresolved,manual_review
101040794:0,101040794,,,unresolved,manual_review
101040994:0,101040994,,,unresolved,manual_review
101069190:0,101069190,,,unresolved,manual_review
101069244:0,101069244,,,unresolved,manual_review
101069446:0,101069446,,,unresolved,manual_review
101001311:0,101001311,,,unresolved,manual_review
101063037:0,101063037,,,unresolved,manual_review
101069259:0,101069259,,,unresolved,manual_review
101039854:0,101039854,,,unresolved,manual_review
101040461:0,101040461,,,unresolved,manual_review
101041069:0,101041069,,,unresolved,manual_review
101041201:0,101041201,,,unresolved,manual_review
101062030:0,101062030,,,unresolved,manual_review
101003125:0,101003125,,,unresolved,manual_review
101021417:0,101021417,,,unresolved,manual_review
101041871:0,101041871,,,unresolved,manual_review
101069377:0,101069377,,,unresolved,manual_review
101040745:0,101040745,,,unresolved,manual_review
101059469:0,101059469,,,unresolved,manual_review
101069276:0,101069276,,,unresolved,manual_review
101039226:0,101039226,,,unresolved,manual_review
101039252:0,101039252,,,unresolved,manual_review
101039272:0,101039272,,,unresolved,manual_review
101039361:0,101039361,,,unresolved,manual_review
101039711:0,101039711,,,unresolved,manual_review
101039805:0,101039805,,,unresolved,manual_review
101040138:0,101040138,,,unresolved,manual_review
101040475:0,101040475,,,unresolved,manual_review
101040507:0,101040507,,,unresolved,manual_review
101041131:0,101041131,,,unresolved,manual_review
101041246:0,101041246,,,unresolved,manual_review
101041539:0,101041539,,,unresolved,manual_review
101041545:0,101041545,,,unresolved,manual_review
101041729:0,101041729,,,unresolved,manual_review
101041808:0,101041808,,,unresolved,manual_review
101041933:0,101041933,,,unresolved,manual_review
101042470:0,101042470,,,unresolved,manual_review
101042572:0,101042572,,,unresolved,manual_review
101042759:0,101042759,,,unresolved,manual_review
101043214:0,101043214,,,unresolved,manual_review
101043369:0,101043369,,,unresolved,manual_review
101043802:0,101043802,,,unresolved,manual_review
101044047:0,101044047,,,unresolved,manual_review
101044152:0,101044152,,,unresolved,manual_review
101044361:0,101044361,,,unresolved,manual_review
101044399:0,101044399,,,unresolved,manual_review
101044479:0,101044479,,,unresolved,manual_review
101044930:0,101044930,,,unresolved,manual_review
101045750:0,101045750,,,unresolved,manual_review
101053020:0,101053020,,,unresolved,manual_review
101054717:0,101054717,,,unresolved,manual_review
101054746:0,101054746,,,unresolved,manual_review
101055234:0,101055234,,,unresolved,manual_review
101055280:0,101055280,,,unresolved,manual_review
101055423:0,101055423,,,unresolved,manual_review
101069173:0,101069173,,,unresolved,manual_review
101069360:0,101069360,,,unresolved,manual_review
101069469:0,101069469,,,unresolved,manual_review
101081838:0,101081838,,,unresolved,manual_review
101020684:0,101020684,,,unresolved,manual_review
101039375:0,101039375,,,unresolved,manual_review
101039402:0,101039402,,,unresolved,manual_review
101039538:0,101039538,,,unresolved,manual_review
101039676:0,101039676,,,unresolved,manual_review
101039756:0,101039756,,,unresolved,manual_review
101039794:0,101039794,,,unresolved,manual_review
101039953:0,101039953,,,unresolved,manual_review
101040356:0,101040356,,,unresolved,manual_review
101040381:0,101040381,,,unresolved,manual_review
101040391:0,101040391,,,unresolved,manual_review
101040480:0,101040480,,,unresolved,manual_review
101040529:0,101040529,,,unresolved,manual_review
101040710:0,101040710,,,unresolved,manual_review
101041074:0,101041074,,,unresolved,manual_review
101041092:0,101041092,,,unresolved,manual_review
101041109:0,101041109,,,unresolved,manual_review
101041223:0,101041223,,,unresolved,manual_review
101041516:0,101041516,,,unresolved,manual_review
101041998:0,101041998,,,unresolved,manual_review
101042075:0,101042075,,,unresolved,manual_review
101042275:0,101042275,,,unresolved,manual_review
101042329:0,101042329,,,unresolved,manual_review
101042865:0,101042865,,,unresolved,manual_review
101043268:0,101043268,,,unresolved,manual_review
101043288:0,101043288,,,unresolved,manual_review
101043344:0,101043344,,,unresolved,manual_review
101043588:0,101043588,,,unresolved,manual_review
101043602:0,101043602,,,unresolved,manual_review
101043671:0,101043671,,,unresolved,manual_review
101044892:0,101044892,,,unresolved,manual_review
101045253:0,101045253,,,unresolved,manual_review
101052601:0,101052601,,,unresolved,manual_review
101052978:0,101052978,,,unresolved,manual_review
101053033:0,101053033,,,unresolved,manual_review
101054004:0,101054004,,,unresolved,manual_review
101054117:0,101054117,,,unresolved,manual_review
101054470:0,101054470,,,unresolved,manual_review
101054558:0,101054558,,,unresolved,manual_review
101054787:0,101054787,,,unresolved,manual_review
101055239:0,101055239,,,unresolved,manual_review
101055305:0,101055305,,,unresolved,manual_review
101069281:0,101069281,,,unresolved,manual_review
101069301:0,101069301,,,unresolved,manual_review
101081821:0,101081821,,,unresolved,manual_review
101082079:0,101082079,,,unresolved,manual_review
101082254:0,101082254,,,unresolved,manual_review
101041762:0,101041762,,,unresolved,manual_review
101043272:0,101043272,,,unresolved,manual_review
101043854:0,101043854,,,unresolved,manual_review
101043899:0,101043899,,,unresolved,manual_review
101045195:0,101045195,,,unresolved,manual_review
101053159:0,101053159,,,unresolved,manual_review
101054340:0,101054340,,,unresolved,manual_review
101062467:0,101062467,,,unresolved,manual_review
101101026:0,101101026,,,unresolved,manual_review
101039531:0,101039531,,,unresolved,manual_review
101040625:0,101040625,,,unresolved,manual_review
101042304:0,101042304,,,unresolved,manual_review
101042315:0,101042315,,,unresolved,manual_review
101042514:0,101042514,,,unresolved,manual_review
101044777:0,101044777,,,unresolved,manual_review
101054994:0,101054994,,,unresolved,manual_review
101039103:0,101039103,,,unresolved,manual_review
101039760:0,101039760,,,unresolved,manual_review
101039995:0,101039995,,,unresolved,manual_review
101040260:0,101040260,,,unresolved,manual_review
101041087:0,101041087,,,unresolved,manual_review
101041422:0,101041422,,,unresolved,manual_review
101041597:0,101041597,,,unresolved,manual_review
101041966:0,101041966,,,unresolved,manual_review
101042884:0,101042884,,,unresolved,manual_review
101043804:0,101043804,,,unresolved,manual_review
101044073:0,101044073,,,unresolved,manual_review
101044319:0,101044319,,,unresolved,manual_review
101044362:0,101044362,,,unresolved,manual_review
101044609:0,101044609,,,unresolved,manual_review
101044637:0,101044637,,,unresolved,manual_review
101044726:0,101044726,,,unresolved,manual_review
101044937:0,101044937,,,unresolved,manual_review
101045042:0,101045042,,,unresolved,manual_review
101045774:0,101045774,,,unresolved,manual_review
101052360:0,101052360,,,unresolved,manual_review
101052433:0,101052433,,,unresolved,manual_review
101052444:0,101052444,,,unresolved,manual_review
101052653:0,101052653,,,unresolved,manual_review
101052911:0,101052911,,,unresolved,manual_review
101053021:0,101053021,,,unresolved,manual_review
101054448:0,101054448,,,unresolved,manual_review
101054524:0,101054524,,,unresolved,manual_review
101055250:0,101055250,,,unresolved,manual_review
101071784:0,101071784,,,unresolved,manual_review
101076412:0,101076412,,,unresolved,manual_review
101076865:0,101076865,,,unresolved,manual_review
101077402:0,101077402,,,unresolved,manual_review
101078837:0,101078837,,,unresolved,manual_review
101100599:0,101100599,,,unresolved,manual_review
101100823:0,101100823,,,unresolved,manual_review
101100924:0,101100924,,,unresolved,manual_review
101042466:0,101042466,,,unresolved,manual_review
101055148:0,101055148,,,unresolved,manual_review
101077364:0,101077364,,,unresolved,manual_review
101101006:0,101101006,,,unresolved,manual_review
101101066:0,101101066,,,unresolved,manual_review
101041122:0,101041122,,,unresolved,manual_review
101043749:0,101043749,,,unresolved,manual_review
101045089:0,101045089,,,unresolved,manual_review
101055175:0,101055175,,,unresolved,manual_review
101071601:0,101071601,,,unresolved,manual_review
101071601:1,101071601,,,unresolved,manual_review
101075930:0,101075930,,,unresolved,manual_review
101076898:0,101076898,,,unresolved,manual_review
101077954:0,101077954,,,unresolved,manual_review
101101031:0,101101031,,,unresolved,manual_review
101113096:0,101113096,,,unresolved,manual_review
101052913:0,101052913,,,unresolved,manual_review
101071470:0,101071470,,,unresolved,manual_review
101071470:1,101071470,,,unresolved,manual_review
101071470:2,101071470,,,unresolved,manual_review
101071937:0,101071937,,,unresolved,manual_review
101072180:0,101072180,,,unresolved,manual_review
101076523:0,101076523,,,unresolved,manual_review
101078392:0,101078392,,,unresolved,manual_review
101088411:0,101088411,,,unresolved,manual_review
101101073:0,101101073,,,unresolved,manual_review
101113178:0,101113178,,,unresolved,manual_review
101043884:0,101043884,,,unresolved,manual_review
101071583:0,101071583,,,unresolved,manual_review
101071583:1,101071583,,,unresolved,manual_review
101071613:0,101071613,,,unresolved,manual_review
101071793:0,101071793,,,unresolved,manual_review
101071836:0,101071836,,,unresolved,manual_review
101071836:1,101071836,,,unresolved,manual_review
101075989:0,101075989,,,unresolved,manual_review
101076247:0,101076247,,,unresolved,manual_review
101077361:0,101077361,,,unresolved,manual_review
101077623:0,101077623,,,unresolved,manual_review
101077864:0,101077864,,,unresolved,manual_review
101078070:0,101078070,,,unresolved,manual_review
101078556:0,101078556,,,unresolved,manual_review
101078782:0,101078782,,,unresolved,manual_review
101112716:0,101112716,,,unresolved,manual_review
101112783:0,101112783,,,unresolved,manual_review
101059236:0,101059236,,,unresolved,manual_review
101071707:0,101071707,,,unresolved,manual_review
101071777:0,101071777,,,unresolved,manual_review
101071786:0,101071786,,,unresolved,manual_review
101076028:0,101076028,,,unresolved,manual_review
101077837:0,101077837,,,unresolved,manual_review
101088331:0,101088331,,,unresolved,manual_review
101089080:0,101089080,,,unresolved,manual_review
101098236:0,101098236,,,unresolved,manual_review
101113423:0,101113423,,,unresolved,manual_review
101122510:0,101122510,,,unresolved,manual_review
101076072:0,101076072,,,unresolved,manual_review
101088541:0,101088541,,,unresolved,manual_review
101098063:0,101098063,,,unresolved,manual_review
101098375:0,101098375,,,unresolved,manual_review
101113154:0,101113154,,,unresolved,manual_review
101123478:0,101123478,,,unresolved,manual_review
101075865:0,101075865,,,unresolved,manual_review
101086685:0,101086685,,,unresolved,manual_review
101088403:0,101088403,,,unresolved,manual_review
101042309:0,101042309,,,unresolved,manual_review
101043450:0,101043450,,,unresolved,manual_review
101045260:0,101045260,,,unresolved,manual_review
101054420:0,101054420,,,unresolved,manual_review
101071255:0,101071255,,,unresolved,manual_review
101071255:1,101071255,,,unresolved,manual_review
101071505:0,101071505,,,unresolved,manual_review
101071505:1,101071505,,,unresolved,manual_review
101075208:0,101075208,,,unresolved,manual_review
101075410:0,101075410,,,unresolved,manual_review
101076093:0,101076093,,,unresolved,manual_review
101076351:0,101076351,,,unresolved,manual_review
101076639:0,101076639,,,unresolved,manual_review
101076648:0,101076648,,,unresolved,manual_review
101077168:0,101077168,,,unresolved,manual_review
101077506:0,101077506,,,unresolved,manual_review
101077710:0,101077710,,,unresolved,manual_review
101077899:0,101077899,,,unresolved,manual_review
101085444:0,101085444,,,unresolved,manual_review
101087025:0,101087025,,,unresolved,manual_review
101087042:0,101087042,,,unresolved,manual_review
101087696:0,101087696,,,unresolved,manual_review
101087747:0,101087747,,,unresolved,manual_review
101087830:0,101087830,,,unresolved,manual_review
101088307:0,101088307,,,unresolved,manual_review
101088572:0,101088572,,,unresolved,manual_review
101088827:0,101088827,,,unresolved,manual_review
101095764:0,101095764,,,unresolved,manual_review
101095866:0,101095866,,,unresolved,manual_review
101096017:0,101096017,,,unresolved,manual_review
101096550:0,101096550,,,unresolved,manual_review
101096639:0,101096639,,,unresolved,manual_review
101096688:0,101096688,,,unresolved,manual_review
101096956:0,101096956,,,unresolved,manual_review
101097856:0,101097856,,,unresolved,manual_review
101097884:0,101097884,,,unresolved,manual_review
101098032:0,101098032,,,unresolved,manual_review
101111874:0,101111874,,,unresolved,manual_review
101113026:0,101113026,,,unresolved,manual_review
101113273:0,101113273,,,unresolved,manual_review
101113536:0,101113536,,,unresolved,manual_review
101071829:0,101071829,,,unresolved,manual_review
101071829:1,101071829,,,unresolved,manual_review
101076814:0,101076814,,,unresolved,manual_review
101076866:0,101076866,,,unresolved,manual_review
101077129:0,101077129,,,unresolved,manual_review
101077874:0,101077874,,,unresolved,manual_review
101078595:0,101078595,,,unresolved,manual_review
101082059:0,101082059,,,unresolved,manual_review
101087031:0,101087031,,,unresolved,manual_review
101087092:0,101087092,,,unresolved,manual_review
101087175:0,101087175,,,unresolved,manual_review
101087533:0,101087533,,,unresolved,manual_review
101087562:0,101087562,,,unresolved,manual_review
101087581:0,101087581,,,unresolved,manual_review
101087911:0,101087911,,,unresolved,manual_review
101088089:0,101088089,,,unresolved,manual_review
101088091:0,101088091,,,unresolved,manual_review
101088708:0,101088708,,,unresolved,manual_review
101089007:0,101089007,,,unresolved,manual_review
101089040:0,101089040,,,unresolved,manual_review
101097172:0,101097172,,,unresolved,manual_review
101097182:0,101097182,,,unresolved,manual_review
101097259:0,101097259,,,unresolved,manual_review
101097330:0,101097330,,,unresolved,manual_review
101097351:0,101097351,,,unresolved,manual_review
101097364:0,101097364,,,unresolved,manual_review
101097537:0,101097537,,,unresolved,manual_review
101097569:0,101097569,,,unresolved,manual_review
101097755:0,101097755,,,unresolved,manual_review
101097984:0,101097984,,,unresolved,manual_review
101113339:0,101113339,,,unresolved,manual_review
101117322:0,101117322,,,unresolved,manual_review
101122563:0,101122563,,,unresolved,manual_review
101123221:0,101123221,,,unresolved,manual_review
101123265:0,101123265,,,unresolved,manual_review
101138132:0,101138132,,,unresolved,manual_review
101087572:0,101087572,,,unresolved,manual_review
101088553:0,101088553,,,unresolved,manual_review
101088661:0,101088661,,,unresolved,manual_review
101096610:0,101096610,,,unresolved,manual_review
101097842:0,101097842,,,unresolved,manual_review
101098103:0,101098103,,,unresolved,manual_review
101113333:0,101113333,,,unresolved,manual_review
101116525:0,101116525,,,unresolved,manual_review
101117080:0,101117080,,,unresolved,manual_review
101117835:0,101117835,,,unresolved,manual_review
101137960:0,101137960,,,unresolved,manual_review
101076203:0,101076203,,,unresolved,manual_review
101077204:0,101077204,,,unresolved,manual_review
101078795:0,101078795,,,unresolved,manual_review
101088398:0,101088398,,,unresolved,manual_review
101097272:0,101097272,,,unresolved,manual_review
101115983:0,101115983,,,unresolved,manual_review
101116914:0,101116914,,,unresolved,manual_review
101116945:0,101116945,,,unresolved,manual_review
101123050:0,101123050,,,unresolved,manual_review
101062521:0,101062521,,,unresolved,manual_review
101072123:0,101072123,,,unresolved,manual_review
101075855:0,101075855,,,unresolved,manual_review
101076755:0,101076755,,,unresolved,manual_review
101076845:0,101076845,,,unresolved,manual_review
101077594:0,101077594,,,unresolved,manual_review
101078021:0,101078021,,,unresolved,manual_review
101087347:0,101087347,,,unresolved,manual_review
101087656:0,101087656,,,unresolved,manual_review
101087771:0,101087771,,,unresolved,manual_review
101087901:0,101087901,,,unresolved,manual_review
101087932:0,101087932,,,unresolved,manual_review
101088477:0,101088477,,,unresolved,manual_review
101088622:0,101088622,,,unresolved,manual_review
101095380:0,101095380,,,unresolved,manual_review
101095722:0,101095722,,,unresolved,manual_review
101095736:0,101095736,,,unresolved,manual_review
101097091:0,101097091,,,unresolved,manual_review
101097167:0,101097167,,,unresolved,manual_review
101097791:0,101097791,,,unresolved,manual_review
101097804:0,101097804,,,unresolved,manual_review
101098319:0,101098319,,,unresolved,manual_review
101103502:0,101103502,,,unresolved,manual_review
101115663:0,101115663,,,unresolved,manual_review
101115663:1,101115663,,,unresolved,manual_review
101115930:0,101115930,,,unresolved,manual_review
101116169:0,101116169,,,unresolved,manual_review
101116288:0,101116288,,,unresolved,manual_review
101116304:0,101116304,,,unresolved,manual_review
101116355:0,101116355,,,unresolved,manual_review
101116637:0,101116637,,,unresolved,manual_review
101116694:0,101116694,,,unresolved,manual_review
101116748:0,101116748,,,unresolved,manual_review
101116911:0,101116911,,,unresolved,manual_review
101117070:0,101117070,,,unresolved,manual_review
101117101:0,101117101,,,unresolved,manual_review
101117155:0,101117155,,,unresolved,manual_review
101117267:0,101117267,,,unresolved,manual_review
101117339:0,101117339,,,unresolved,manual_review
101117408:0,101117408,,,unresolved,manual_review
101117412:0,101117412,,,unresolved,manual_review
101117820:0,101117820,,,unresolved,manual_review
101117844:0,101117844,,,unresolved,manual_review
101117891:0,101117891,,,unresolved,manual_review
101138078:0,101138078,,,unresolved,manual_review
101138291:0,101138291,,,unresolved,manual_review
101138640:0,101138640,,,unresolved,manual_review
101138653:0,101138653,,,unresolved,manual_review
101078174:0,101078174,,,unresolved,manual_review
101086358:0,101086358,,,unresolved,manual_review
101116944:0,101116944,,,unresolved,manual_review
101117090:0,101117090,,,unresolved,manual_review
101118938:0,101118938,,,unresolved,manual_review
101124255:0,101124255,,,unresolved,manual_review
101157633:0,101157633,,,unresolved,manual_review
101087709:0,101087709,,,unresolved,manual_review
101088563:0,101088563,,,unresolved,manual_review
101117126:0,101117126,,,unresolved,manual_review
101117868:0,101117868,,,unresolved,manual_review
101125917:0,101125917,,,unresolved,manual_review
101158062:0,101158062,,,unresolved,manual_review
101158350:0,101158350,,,unresolved,manual_review
101086807:0,101086807,,,unresolved,manual_review
101089318:0,101089318,,,unresolved,manual_review
101097738:0,101097738,,,unresolved,manual_review
101115618:0,101115618,,,unresolved,manual_review
101116660:0,101116660,,,unresolved,manual_review
101118079:0,101118079,,,unresolved,manual_review
101118491:0,101118491,,,unresolved,manual_review
101118729:0,101118729,,,unresolved,manual_review
101118880:0,101118880,,,unresolved,manual_review
101125450:0,101125450,,,unresolved,manual_review
101125555:0,101125555,,,unresolved,manual_review
101147066:0,101147066,,,unresolved,manual_review
101152624:0,101152624,,,unresolved,manual_review
101116387:0,101116387,,,unresolved,manual_review
101118866:0,101118866,,,unresolved,manual_review
101118866:1,101118866,,,unresolved,manual_review
101123037:0,101123037,,,unresolved,manual_review
101125118:0,101125118,,,unresolved,manual_review
101126009:0,101126009,,,unresolved,manual_review
101158298:0,101158298,,,unresolved,manual_review
101097926:0,101097926,,,unresolved,manual_review
101115984:0,101115984,,,unresolved,manual_review
101117471:0,101117471,,,unresolved,manual_review
101118693:0,101118693,,,unresolved,manual_review
101118744:0,101118744,,,unresolved,manual_review
101118744:1,101118744,,,unresolved,manual_review
101124066:0,101124066,,,unresolved,manual_review
101124193:0,101124193,,,unresolved,manual_review
101124688:0,101124688,,,unresolved,manual_review
101125367:0,101125367,,,unresolved,manual_review
101125691:0,101125691,,,unresolved,manual_review
101158040:0,101158040,,,unresolved,manual_review
101087060:0,101087060,,,unresolved,manual_review
101115883:0,101115883,,,unresolved,manual_review
101116663:0,101116663,,,unresolved,manual_review
101117001:0,101117001,,,unresolved,manual_review
101117317:0,101117317,,,unresolved,manual_review
101117745:0,101117745,,,unresolved,manual_review
101118811:0,101118811,,,unresolved,manual_review
101118811:1,101118811,,,unresolved,manual_review
101118936:0,101118936,,,unresolved,manual_review
101118936:1,101118936,,,unresolved,manual_review
101118936:2,101118936,,,unresolved,manual_review
101118936:3,101118936,,,unresolved,manual_review
101126272:0,101126272,,,unresolved,manual_review
101156045:0,101156045,,,unresolved,manual_review
101157728:0,101157728,,,unresolved,manual_review
101123291:0,101123291,,,unresolved,manual_review
101124345:0,101124345,,,unresolved,manual_review
101187919:0,101187919,,,unresolved,manual_review
101044374:0,101044374,,,unresolved,manual_review
101087692:0,101087692,,,unresolved,manual_review
101095959:0,101095959,,,unresolved,manual_review
101114976:0,101114976,,,unresolved,manual_review
101115755:0,101115755,,,unresolved,manual_review
101115790:0,101115790,,,unresolved,manual_review
101115849:0,101115849,,,unresolved,manual_review
101116110:0,101116110,,,unresolved,manual_review
101116491:0,101116491,,,unresolved,manual_review
101117173:0,101117173,,,unresolved,manual_review
101118934:0,101118934,,,unresolved,manual_review
101119058:0,101119058,,,unresolved,manual_review
101123174:0,101123174,,,unresolved,manual_review
101123233:0,101123233,,,unresolved,manual_review
101124214:0,101124214,,,unresolved,manual_review
101124230:0,101124230,,,unresolved,manual_review
101124764:0,101124764,,,unresolved,manual_review
101125069:0,101125069,,,unresolved,manual_review
101125232:0,101125232,,,unresolved,manual_review
101126053:0,101126053,,,unresolved,manual_review
101141171:0,101141171,,,unresolved,manual_review
101141606:0,101141606,,,unresolved,manual_review
101141855:0,101141855,,,unresolved,manual_review
101141890:0,101141890,,,unresolved,manual_review
101142242:0,101142242,,,unresolved,manual_review
101142530:0,101142530,,,unresolved,manual_review
101142672:0,101142672,,,unresolved,manual_review
101142712:0,101142712,,,unresolved,manual_review
101160452:0,101160452,,,unresolved,manual_review
101188025:0,101188025,,,unresolved,manual_review
101188806:0,101188806,,,unresolved,manual_review
101189381:0,101189381,,,unresolved,manual_review
101189422:0,101189422,,,unresolved,manual_review
101118911:0,101118911,,,unresolved,manual_review
101125586:0,101125586,,,unresolved,manual_review
101125699:0,101125699,,,unresolved,manual_review
101141267:0,101141267,,,unresolved,manual_review
101141361:0,101141361,,,unresolved,manual_review
101141508:0,101141508,,,unresolved,manual_review
101141644:0,101141644,,,unresolved,manual_review
101141693:0,101141693,,,unresolved,manual_review
101141745:0,101141745,,,unresolved,manual_review
101142062:0,101142062,,,unresolved,manual_review
101142154:0,101142154,,,unresolved,manual_review
101142171:0,101142171,,,unresolved,manual_review
101142600:0,101142600,,,unresolved,manual_review
101142651:0,101142651,,,unresolved,manual_review
101158105:0,101158105,,,unresolved,manual_review
101158327:0,101158327,,,unresolved,manual_review
101141284:0,101141284,,,unresolved,manual_review
101141682:0,101141682,,,unresolved,manual_review
101141930:0,101141930,,,unresolved,manual_review
101142116:0,101142116,,,unresolved,manual_review
101142339:0,101142339,,,unresolved,manual_review
101142533:0,101142533,,,unresolved,manual_review
101162014:0,101162014,,,unresolved,manual_review
101162889:0,101162889,,,unresolved,manual_review
101164965:0,101164965,,,unresolved,manual_review
101124590:0,101124590,,,unresolved,manual_review
101125437:0,101125437,,,unresolved,manual_review
101141564:0,101141564,,,unresolved,manual_review
101141721:0,101141721,,,unresolved,manual_review
101163425:0,101163425,,,unresolved,manual_review
101165616:0,101165616,,,unresolved,manual_review
101188503:0,101188503,,,unresolved,manual_review
101125881:0,101125881,,,unresolved,manual_review
101140496:0,101140496,,,unresolved,manual_review
101140666:0,101140666,,,unresolved,manual_review
101140677:0,101140677,,,unresolved,manual_review
101141472:0,101141472,,,unresolved,manual_review
101141553:0,101141553,,,unresolved,manual_review
101141720:0,101141720,,,unresolved,manual_review
101141778:0,101141778,,,unresolved,manual_review
101142018:0,101142018,,,unresolved,manual_review
101142048:0,101142048,,,unresolved,manual_review
101142153:0,101142153,,,unresolved,manual_review
101142663:0,101142663,,,unresolved,manual_review
101142682:0,101142682,,,unresolved,manual_review
101142705:0,101142705,,,unresolved,manual_review
101142836:0,101142836,,,unresolved,manual_review
101142840:0,101142840,,,unresolved,manual_review
101160786:0,101160786,,,unresolved,manual_review
101161065:0,101161065,,,unresolved,manual_review
101161432:0,101161432,,,unresolved,manual_review
101161791:0,101161791,,,unresolved,manual_review
101162009:0,101162009,,,unresolved,manual_review
101162047:0,101162047,,,unresolved,manual_review
101162069:0,101162069,,,unresolved,manual_review
101162321:0,101162321,,,unresolved,manual_review
101162722:0,101162722,,,unresolved,manual_review
101162777:0,101162777,,,unresolved,manual_review
101162788:0,101162788,,,unresolved,manual_review
101162990:0,101162990,,,unresolved,manual_review
101163469:0,101163469,,,unresolved,manual_review
101163698:0,101163698,,,unresolved,manual_review
101163926:0,101163926,,,unresolved,manual_review
101164392:0,101164392,,,unresolved,manual_review
101164820:0,101164820,,,unresolved,manual_review
101164832:0,101164832,,,unresolved,manual_review
101164974:0,101164974,,,unresolved,manual_review
101165197:0,101165197,,,unresolved,manual_review
101165361:0,101165361,,,unresolved,manual_review
101185627:0,101185627,,,unresolved,manual_review
101189393:0,101189393,,,unresolved,manual_review
101124289:0,101124289,,,unresolved,manual_review
101125379:0,101125379,,,unresolved,manual_review
101141259:0,101141259,,,unresolved,manual_review
101142461:0,101142461,,,unresolved,manual_review
101163069:0,101163069,,,unresolved,manual_review
101164645:0,101164645,,,unresolved,manual_review
101188820:0,101188820,,,unresolved,manual_review
101161107:0,101161107,,,unresolved,manual_review
101162723:0,101162723,,,unresolved,manual_review
101162923:0,101162923,,,unresolved,manual_review
101162926:0,101162926,,,unresolved,manual_review
101163055:0,101163055,,,unresolved,manual_review
101163355:0,101163355,,,unresolved,manual_review
101165786:0,101165786,,,unresolved,manual_review
101167188:0,101167188,,,unresolved,manual_review
101167526:0,101167526,,,unresolved,manual_review
101167526:1,101167526,,,unresolved,manual_review
101167526:2,101167526,,,unresolved,manual_review
101167526:3,101167526,,,unresolved,manual_review
101171291:0,101171291,,,unresolved,manual_review
101188898:0,101188898,,,unresolved,manual_review
101213783:0,101213783,,,unresolved,manual_review
101116526:0,101116526,,,unresolved,manual_review
101142746:0,101142746,,,unresolved,manual_review
101161899:0,101161899,,,unresolved,manual_review
101163251:0,101163251,,,unresolved,manual_review
101167294:0,101167294,,,unresolved,manual_review
101167294:1,101167294,,,unresolved,manual_review
101167313:0,101167313,,,unresolved,manual_review
101167416:0,101167416,,,unresolved,manual_review
101169909:0,101169909,,,unresolved,manual_review
101170485:0,101170485,,,unresolved,manual_review
101170528:0,101170528,,,unresolved,manual_review
101170534:0,101170534,,,unresolved,manual_review
101171028:0,101171028,,,unresolved,manual_review
101199513:0,101199513,,,unresolved,manual_review
101163107:0,101163107,,,unresolved,manual_review
101166894:0,101166894,,,unresolved,manual_review
101166894:1,101166894,,,unresolved,manual_review
101167139:0,101167139,,,unresolved,manual_review
101167139:1,101167139,,,unresolved,manual_review
101167139:2,101167139,,,unresolved,manual_review
101167470:0,101167470,,,unresolved,manual_review
101167470:1,101167470,,,unresolved,manual_review
101167561:0,101167561,,,unresolved,manual_review
101169799:0,101169799,,,unresolved,manual_review
101170239:0,101170239,,,unresolved,manual_review
101170827:0,101170827,,,unresolved,manual_review
101170884:0,101170884,,,unresolved,manual_review
101161519:0,101161519,,,unresolved,manual_review
101166936:0,101166936,,,unresolved,manual_review
101167183:0,101167183,,,unresolved,manual_review
101170501:0,101170501,,,unresolved,manual_review
101170619:0,101170619,,,unresolved,manual_review
101171315:0,101171315,,,unresolved,manual_review
101213389:0,101213389,,,unresolved,manual_review
101163386:0,101163386,,,unresolved,manual_review
101164102:0,101164102,,,unresolved,manual_review
101165685:0,101165685,,,unresolved,manual_review
101166700:0,101166700,,,unresolved,manual_review
101167206:0,101167206,,,unresolved,manual_review
101170266:0,101170266,,,unresolved,manual_review
101170642:0,101170642,,,unresolved,manual_review
101208554:0,101208554,,,unresolved,manual_review
101212658:0,101212658,,,unresolved,manual_review
101247569:0,101247569,,,unresolved,manual_review
101141783:0,101141783,,,unresolved,manual_review
101142565:0,101142565,,,unresolved,manual_review
101163266:0,101163266,,,unresolved,manual_review
101163748:0,101163748,,,unresolved,manual_review
101164895:0,101164895,,,unresolved,manual_review
101165188:0,101165188,,,unresolved,manual_review
101165695:0,101165695,,,unresolved,manual_review
101167367:0,101167367,,,unresolved,manual_review
101167367:1,101167367,,,unresolved,manual_review
101167367:2,101167367,,,unresolved,manual_review
101170066:0,101170066,,,unresolved,manual_review
101170326:0,101170326,,,unresolved,manual_review
101170457:0,101170457,,,unresolved,manual_review
101170541:0,101170541,,,unresolved,manual_review
101170653:0,101170653,,,unresolved,manual_review
101170920:0,101170920,,,unresolved,manual_review
101171357:0,101171357,,,unresolved,manual_review
101171399:0,101171399,,,unresolved,manual_review
101171415:0,101171415,,,unresolved,manual_review
101199875:0,101199875,,,unresolved,manual_review
101208602:0,101208602,,,unresolved,manual_review
101212945:0,101212945,,,unresolved,manual_review
101212987:0,101212987,,,unresolved,manual_review
101248235:0,101248235,,,unresolved,manual_review
101170495:0,101170495,,,unresolved,manual_review
101170500:0,101170500,,,unresolved,manual_review
101170525:0,101170525,,,unresolved,manual_review
101170736:0,101170736,,,unresolved,manual_review
101170800:0,101170800,,,unresolved,manual_review
101171129:0,101171129,,,unresolved,manual_review
101171346:0,101171346,,,unresolved,manual_review
101199624:0,101199624,,,unresolved,manual_review
101200507:0,101200507,,,unresolved,manual_review
101200669:0,101200669,,,unresolved,manual_review
101200828:0,101200828,,,unresolved,manual_review
101201216:0,101201216,,,unresolved,manual_review
101201229:0,101201229,,,unresolved,manual_review
101201502:0,101201502,,,unresolved,manual_review
101212950:0,101212950,,,unresolved,manual_review
101212991:0,101212991,,,unresolved,manual_review
101220742:0,101220742,,,unresolved,manual_review
101222741:0,101222741,,,unresolved,manual_review
101247194:0,101247194,,,unresolved,manual_review
101248734:0,101248734,,,unresolved,manual_review
101198636:0,101198636,,,unresolved,manual_review
101219172:0,101219172,,,unresolved,manual_review
101222038:0,101222038,,,unresolved,manual_review
101222739:0,101222739,,,unresolved,manual_review
101248616:0,101248616,,,unresolved,manual_review
101170065:0,101170065,,,unresolved,manual_review
101170136:0,101170136,,,unresolved,manual_review
101197637:0,101197637,,,unresolved,manual_review
101198463:0,101198463,,,unresolved,manual_review
101199575:0,101199575,,,unresolved,manual_review
101199917:0,101199917,,,unresolved,manual_review
101201475:0,101201475,,,unresolved,manual_review
101221497:0,101221497,,,unresolved,manual_review
101244668:0,101244668,,,unresolved,manual_review
101248532:0,101248532,,,unresolved,manual_review
101170233:0,101170233,,,unresolved,manual_review
101170952:0,101170952,,,unresolved,manual_review
101199244:0,101199244,,,unresolved,manual_review
101200693:0,101200693,,,unresolved,manual_review
101201007:0,101201007,,,unresolved,manual_review
101201156:0,101201156,,,unresolved,manual_review
101201397:0,101201397,,,unresolved,manual_review
101201503:0,101201503,,,unresolved,manual_review
101201785:0,101201785,,,unresolved,manual_review
101217494:0,101217494,,,unresolved,manual_review
101219089:0,101219089,,,unresolved,manual_review
101219964:0,101219964,,,unresolved,manual_review
101220035:0,101220035,,,unresolved,manual_review
101220122:0,101220122,,,unresolved,manual_review
101220159:0,101220159,,,unresolved,manual_review
101220327:0,101220327,,,unresolved,manual_review
101220999:0,101220999,,,unresolved,manual_review
101221080:0,101221080,,,unresolved,manual_review
101221620:0,101221620,,,unresolved,manual_review
101222086:0,101222086,,,unresolved,manual_review
101247370:0,101247370,,,unresolved,manual_review
101247467:0,101247467,,,unresolved,manual_review
101247532:0,101247532,,,unresolved,manual_review
101201163:0,101201163,,,unresolved,manual_review
101219770:0,101219770,,,unresolved,manual_review
101220240:0,101220240,,,unresolved,manual_review
101221625:0,101221625,,,unresolved,manual_review
101221746:0,101221746,,,unresolved,manual_review
101221804:0,101221804,,,unresolved,manual_review
101224071:0,101224071,,,unresolved,manual_review
101224071:1,101224071,,,unresolved,manual_review
101224129:0,101224129,,,unresolved,manual_review
101224129:1,101224129,,,unresolved,manual_review
101224497:0,101224497,,,unresolved,manual_review
101224824:0,101224824,,,unresolved,manual_review
101164144:0,101164144,,,unresolved,manual_review
101200010:0,101200010,,,unresolved,manual_review
101201077:0,101201077,,,unresolved,manual_review
101220637:0,101220637,,,unresolved,manual_review
101221319:0,101221319,,,unresolved,manual_review
101221485:0,101221485,,,unresolved,manual_review
101224813:0,101224813,,,unresolved,manual_review
101224813:1,101224813,,,unresolved,manual_review
101225036:0,101225036,,,unresolved,manual_review
101293057:0,101293057,,,unresolved,manual_review
101220476:0,101220476,,,unresolved,manual_review
101220619:0,101220619,,,unresolved,manual_review
101224119:0,101224119,,,unresolved,manual_review
101224255:0,101224255,,,unresolved,manual_review
101224262:0,101224262,,,unresolved,manual_review
101224625:0,101224625,,,unresolved,manual_review
101224640:0,101224640,,,unresolved,manual_review
101224668:0,101224668,,,unresolved,manual_review
101224668:1,101224668,,,unresolved,manual_review
101224803:0,101224803,,,unresolved,manual_review
101225056:0,101225056,,,unresolved,manual_review
101225056:1,101225056,,,unresolved,manual_review
101225056:2,101225056,,,unresolved,manual_review
101225056:3,101225056,,,unresolved,manual_review
101225119:0,101225119,,,unresolved,manual_review
101232388:0,101232388,,,unresolved,manual_review
101233365:0,101233365,,,unresolved,manual_review
101225127:0,101225127,,,unresolved,manual_review
101225127:1,101225127,,,unresolved,manual_review
101225127:2,101225127,,,unresolved,manual_review
101229996:0,101229996,,,unresolved,manual_review
101230190:0,101230190,,,unresolved,manual_review
101230218:0,101230218,,,unresolved,manual_review
101231220:0,101231220,,,unresolved,manual_review
101231320:0,101231320,,,unresolved,manual_review
101290531:0,101290531,,,unresolved,manual_review
101219759:0,101219759,,,unresolved,manual_review
101220938:0,101220938,,,unresolved,manual_review
101222577:0,101222577,,,unresolved,manual_review
101224126:0,101224126,,,unresolved,manual_review
101224449:0,101224449,,,unresolved,manual_review
101229452:0,101229452,,,unresolved,manual_review
101229565:0,101229565,,,unresolved,manual_review
101230783:0,101230783,,,unresolved,manual_review
101231829:0,101231829,,,unresolved,manual_review
101231869:0,101231869,,,unresolved,manual_review
101289316:0,101289316,,,unresolved,manual_review
101289433:0,101289433,,,unresolved,manual_review
101290974:0,101290974,,,unresolved,manual_review
101292469:0,101292469,,,unresolved,manual_review
101292712:0,101292712,,,unresolved,manual_review
101292889:0,101292889,,,unresolved,manual_review
101218874:0,101218874,,,unresolved,manual_review
101221890:0,101221890,,,unresolved,manual_review
101224040:0,101224040,,,unresolved,manual_review
101224040:1,101224040,,,unresolved,manual_review
101224040:2,101224040,,,unresolved,manual_review
101229950:0,101229950,,,unresolved,manual_review
101231497:0,101231497,,,unresolved,manual_review
101248700:0,101248700,,,unresolved,manual_review
101292401:0,101292401,,,unresolved,manual_review
101292719:0,101292719,,,unresolved,manual_review
101222974:0,101222974,,,unresolved,manual_review
101200634:0,101200634,,,unresolved,manual_review
101219798:0,101219798,,,unresolved,manual_review
101219936:0,101219936,,,unresolved,manual_review
101220729:0,101220729,,,unresolved,manual_review
101221094:0,101221094,,,unresolved,manual_review
101221099:0,101221099,,,unresolved,manual_review
101221523:0,101221523,,,unresolved,manual_review
101221800:0,101221800,,,unresolved,manual_review
101224354:0,101224354,,,unresolved,manual_review
101224581:0,101224581,,,unresolved,manual_review
101224851:0,101224851,,,unresolved,manual_review
101224858:0,101224858,,,unresolved,manual_review
101230054:0,101230054,,,unresolved,manual_review
101231066:0,101231066,,,unresolved,manual_review
101231935:0,101231935,,,unresolved,manual_review
101247259:0,101247259,,,unresolved,manual_review
101289410:0,101289410,,,unresolved,manual_review
101291886:0,101291886,,,unresolved,manual_review
101335317:0,101335317,,,unresolved,manual_review
101221768:0,101221768,,,unresolved,manual_review
101224739:0,101224739,,,unresolved,manual_review
101224739:1,101224739,,,unresolved,manual_review
101224739:2,101224739,,,unresolved,manual_review
101229769:0,101229769,,,unresolved,manual_review
101229856:0,101229856,,,unresolved,manual_review
101231994:0,101231994,,,unresolved,manual_review
101264087:0,101264087,,,unresolved,manual_review
101229236:0,101229236,,,unresolved,manual_review
101231608:0,101231608,,,unresolved,manual_review
101264310:0,101264310,,,unresolved,manual_review
101265472:0,101265472,,,unresolved,manual_review
101266660:0,101266660,,,unresolved,manual_review
101335140:0,101335140,,,unresolved,manual_review
101335332:0,101335332,,,unresolved,manual_review
